{
    "slots": [
        "request",

        "fever",
        "cough",
        "tiredness",
        "taste_loss",
        "smell_loss",
        "breath_shortness_or_difficulty",
        "muscle_aches",
        "chills",
        "sore_throat",
        "runny_nose",
        "headache",
        "chest_pain",
        "rash",
        "nausea",
        "vomiting",
        "diarrhea",
        "unwell_duration",

        "age",
        "heart_failure",
        "coronary artery disease",
        "cardiomyopathy",
        "chronic_obstructive_pulmonary_disease",
        "type_1_diabetes",
        "type_2_diabetes",
        "severe_obesity",
        "chronic_kidney_disease",
        "sickle_cell_disease",
        "solid_organ_transplants",
        "asthma",
        "liver_disease",
        "chronic_lung_diseases",
        "bone_marrow_transplant",
        "hiv",
        "high_blood_pressure",
        "brain_and_nervous_system_disease",

        "recent_travel",
        "close_contact_with_infestor",
        "mass_gathering"
    ],

    "system_acts": [
        "request_infomation",
        "dontworry",
        "need_lab_test",
        "contact_doctor",
        "concrete_advice"],

    "values": {
        "request": ["infection_chance", "advice", "treatment", "test_necessity"],

        "fever": ["no", "yes", "mild", "severe"],
        "cough": ["no", "yes", "mild", "severe"],
        "phlegm": ["no", "yes", "mild", "severe"],
        "tiredness": ["no", "yes", "mild", "severe"],
        "taste_loss": ["no", "yes", "mild", "severe"],
        "smell_loss": ["no", "yes", "mild", "severe"],
        "breath_shortness_or_difficulty": ["no", "yes", "mild", "severe"],
        "muscle_aches": ["no", "yes", "mild", "severe"],
        "chills": ["no", "yes", "mild", "severe"],
        "sore_throat": ["no", "yes", "mild", "severe"],
        "runny_nose": ["no", "yes", "mild", "severe"],
        "headache": ["no", "yes", "mild", "severe"],
        "chest_pain": ["no", "yes", "mild", "severe"],
        "rash": ["no", "yes", "mild", "severe"],
        "nausea": ["no", "yes", "mild", "severe"],
        "vomiting": ["no", "yes", "mild", "severe"],
        "diarrhea": ["no", "yes", "mild", "severe"],
        "unwell_duration": ["no", "in_a_week", "in_two_weeks", "longer_than_2_weeks"],

        "age": ["children", "adult", "old"],
        "smoking": ["no", "yes"],
        "alcohol": ["no", "yes"],
        "heart_failure": ["no", "yes"],
        "coronary artery disease": ["no", "yes"],
        "cardiomyopathy": ["no", "yes"],
        "chronic_obstructive_pulmonary_disease": ["no", "yes"],
        "type_1_diabetes": ["no", "yes"],
        "type_2_diabetes": ["no", "yes"],
        "severe_obesity": ["no", "yes"],
        "chronic_kidney_disease": ["no", "yes"],
        "sickle_cell_disease": ["no", "yes"],
        "solid_organ_transplants": ["no", "yes"],
        "asthma": ["no", "yes"],
        "liver_disease": ["no", "yes"],
        "chronic_lung_diseases": ["no", "yes"],
        "bone_marrow_transplant": ["no", "yes"],
        "hiv": ["no", "yes"],
        "high_blood_pressure": ["no", "yes"],
        "brain_and_nervous_system_disease": ["no", "yes"],

        "recent_travel": ["no", "yes"],
        "close_contact_with_infestor": ["no", "yes"],
        "mass_gathering": ["no", "yes"]
    }
}