{"slots": ["request", "fever", "cough", "tiredness", "taste_loss", "smell_loss", "breath_shortness_or_difficulty", "muscle_aches", "chills", "sore_throat", "runny_nose", "headache", "chest_pain", "rash", "nausea", "vomiting", "diarrhea", "unwell_duration", "age", "heart_failure", "coronary artery disease", "cardiomyopathy", "chronic_obstructive_pulmonary_disease", "type_1_diabetes", "type_2_diabetes", "severe_obesity", "chronic_kidney_disease", "sickle_cell_disease", "solid_organ_transplants", "asthma", "liver_disease", "chronic_lung_diseases", "bone_marrow_transplant", "hiv", "high_blood_pressure", "brain_and_nervous_system_disease", "recent_travel", "close_contact_with_infestor", "mass_gathering"], "values": {"request": ["infection_chance", "advice", "treatment", "test_necessity"], "fever": ["no", "yes", "mild", "severe"], "cough": ["no", "yes", "mild", "severe"], "phlegm": ["no", "yes", "mild", "severe"], "tiredness": ["no", "yes", "mild", "severe"], "taste_loss": ["no", "yes", "mild", "severe"], "smell_loss": ["no", "yes", "mild", "severe"], "breath_shortness_or_difficulty": ["no", "yes", "mild", "severe"], "muscle_aches": ["no", "yes", "mild", "severe"], "chills": ["no", "yes", "mild", "severe"], "sore_throat": ["no", "yes", "mild", "severe"], "runny_nose": ["no", "yes", "mild", "severe"], "headache": ["no", "yes", "mild", "severe"], "chest_pain": ["no", "yes", "mild", "severe"], "rash": ["no", "yes", "mild", "severe"], "nausea": ["no", "yes", "mild", "severe"], "vomiting": ["no", "yes", "mild", "severe"], "diarrhea": ["no", "yes", "mild", "severe"], "unwell_duration": ["no", "in_a_week", "in_two_weeks", "longer_than_2_weeks"], "age": ["children", "adult", "old"], "smoking": ["no", "yes"], "alcohol": ["no", "yes"], "heart_failure": ["no", "yes"], "coronary artery disease": ["no", "yes"], "cardiomyopathy": ["no", "yes"], "chronic_obstructive_pulmonary_disease": ["no", "yes"], "type_1_diabetes": ["no", "yes"], "type_2_diabetes": ["no", "yes"], "severe_obesity": ["no", "yes"], "chronic_kidney_disease": ["no", "yes"], "sickle_cell_disease": ["no", "yes"], "solid_organ_transplants": ["no", "yes"], "asthma": ["no", "yes"], "liver_disease": ["no", "yes"], "chronic_lung_diseases": ["no", "yes"], "bone_marrow_transplant": ["no", "yes"], "hiv": ["no", "yes"], "high_blood_pressure": ["no", "yes"], "brain_and_nervous_system_disease": ["no", "yes"], "recent_travel": ["no", "yes"], "close_contact_with_infestor": ["no", "yes"], "mass_gathering": ["no", "yes"]}, "num": {"request": [[3717, 1740, 3794, 1], [3717, 1740, 169, 1], [3717, 1740, 357, 1], [3717, 1740, 3795, 1]], "fever": [[30, 1740, 29, 1], [30, 1740, 2217, 1], [30, 1740, 258, 1], [30, 1740, 799, 1]], "cough": [[113, 1740, 29, 1], [113, 1740, 2217, 1], [113, 1740, 258, 1], [113, 1740, 799, 1]], "phlegm": [[132, 1740, 29, 1], [132, 1740, 2217, 1], [132, 1740, 258, 1], [132, 1740, 799, 1]], "tiredness": [[2990, 1740, 29, 1], [2990, 1740, 2217, 1], [2990, 1740, 258, 1], [2990, 1740, 799, 1]], "taste_loss": [[3796, 1740, 29, 1], [3796, 1740, 2217, 1], [3796, 1740, 258, 1], [3796, 1740, 799, 1]], "smell_loss": [[3797, 1740, 29, 1], [3797, 1740, 2217, 1], [3797, 1740, 258, 1], [3797, 1740, 799, 1]], "breath_shortness_or_difficulty": [[3798, 1740, 29, 1], [3798, 1740, 2217, 1], [3798, 1740, 258, 1], [3798, 1740, 799, 1]], "muscle_aches": [[3799, 1740, 29, 1], [3799, 1740, 2217, 1], [3799, 1740, 258, 1], [3799, 1740, 799, 1]], "chills": [[1349, 1740, 29, 1], [1349, 1740, 2217, 1], [1349, 1740, 258, 1], [1349, 1740, 799, 1]], "sore_throat": [[3800, 1740, 29, 1], [3800, 1740, 2217, 1], [3800, 1740, 258, 1], [3800, 1740, 799, 1]], "runny_nose": [[3801, 1740, 29, 1], [3801, 1740, 2217, 1], [3801, 1740, 258, 1], [3801, 1740, 799, 1]], "headache": [[1140, 1740, 29, 1], [1140, 1740, 2217, 1], [1140, 1740, 258, 1], [1140, 1740, 799, 1]], "chest_pain": [[3802, 1740, 29, 1], [3802, 1740, 2217, 1], [3802, 1740, 258, 1], [3802, 1740, 799, 1]], "rash": [[2525, 1740, 29, 1], [2525, 1740, 2217, 1], [2525, 1740, 258, 1], [2525, 1740, 799, 1]], "nausea": [[3067, 1740, 29, 1], [3067, 1740, 2217, 1], [3067, 1740, 258, 1], [3067, 1740, 799, 1]], "vomiting": [[641, 1740, 29, 1], [641, 1740, 2217, 1], [641, 1740, 258, 1], [641, 1740, 799, 1]], "diarrhea": [[2075, 1740, 29, 1], [2075, 1740, 2217, 1], [2075, 1740, 258, 1], [2075, 1740, 799, 1]], "unwell_duration": [[3803, 1740, 29, 1], [3803, 1740, 3804, 1], [3803, 1740, 3805, 1], [3803, 1740, 3806, 1]], "age": [[378, 1740, 2715, 1], [378, 1740, 3807, 1], [378, 1740, 100, 1]], "smoking": [[343, 1740, 29, 1], [343, 1740, 2217, 1]], "alcohol": [[70, 1740, 29, 1], [70, 1740, 2217, 1]], "heart_failure": [[3808, 1740, 29, 1], [3808, 1740, 2217, 1]], "coronary artery disease": [[3809, 3810, 1111, 1740, 29, 1], [3809, 3810, 1111, 1740, 2217, 1]], "cardiomyopathy": [[3811, 1740, 29, 1], [3811, 1740, 2217, 1]], "chronic_obstructive_pulmonary_disease": [[3812, 1740, 29, 1], [3812, 1740, 2217, 1]], "type_1_diabetes": [[3813, 1740, 29, 1], [3813, 1740, 2217, 1]], "type_2_diabetes": [[3814, 1740, 29, 1], [3814, 1740, 2217, 1]], "severe_obesity": [[3815, 1740, 29, 1], [3815, 1740, 2217, 1]], "chronic_kidney_disease": [[3816, 1740, 29, 1], [3816, 1740, 2217, 1]], "sickle_cell_disease": [[3817, 1740, 29, 1], [3817, 1740, 2217, 1]], "solid_organ_transplants": [[3818, 1740, 29, 1], [3818, 1740, 2217, 1]], "asthma": [[469, 1740, 29, 1], [469, 1740, 2217, 1]], "liver_disease": [[3819, 1740, 29, 1], [3819, 1740, 2217, 1]], "chronic_lung_diseases": [[3820, 1740, 29, 1], [3820, 1740, 2217, 1]], "bone_marrow_transplant": [[3821, 1740, 29, 1], [3821, 1740, 2217, 1]], "hiv": [[2042, 1740, 29, 1], [2042, 1740, 2217, 1]], "high_blood_pressure": [[3822, 1740, 29, 1], [3822, 1740, 2217, 1]], "brain_and_nervous_system_disease": [[3823, 1740, 29, 1], [3823, 1740, 2217, 1]], "recent_travel": [[3824, 1740, 29, 1], [3824, 1740, 2217, 1]], "close_contact_with_infestor": [[3825, 1740, 29, 1], [3825, 1740, 2217, 1]], "mass_gathering": [[3826, 1740, 29, 1], [3826, 1740, 2217, 1]]}}